#{"t_start": 1613758235.2808766, "env_id": "dVRLPickRail-v0"}
r,l,t
-259.185109,100,4.378584
-213.344435,100,6.580281
